Company,Product,TypeName,Inches,ScreenResolution,CPU_Company,CPU_Type,CPU_Frequency (GHz),RAM (GB),Memory,GPU_Company,GPU_Type,OpSys,Weight (kg),Battery_life_hours,Price_EURO,CPU_score,GPU_score,RAM_score,PS,suitable_tasks,suitable_jobs,Description
HP,Stream 14-AX040wm,Notebook,14,1366x768,Intel,Celeron Dual Core N3060,1.6,4,32GB SSD,Intel,HD Graphics 400,Windows 10,1.44,9 ~ 10,229,660,450,4,1110.25,office_basic,teacher; student; office_admin,"Get connected with the HP Stream 14-AX040wm laptop, perfect for everyday tasks on a budget. With its compact 14-inch display and long-lasting battery life of up to 10 hours, stay productive anywhere. Ideal for students or casual users, this laptop also features a lightweight design and reliable performance from its Celeron processor."
Chuwi,"LapBook 15.6""",Notebook,15.6,Full HD 1920x1080,Intel,Atom x5-Z8300,1.44,4,64GB Flash Storage,Intel,HD Graphics,Windows 10,1.89,6 ~ 7,244.99,840,299,4,1139.25,office_basic,teacher; office_worker; student; office_admin,"Meet the Chuwi LapBook 15.6"", a versatile laptop perfect for everyday tasks, reading, and browsing. With its vibrant Full HD display and efficient Atom x5-Z8300 processor, you'll enjoy smooth performance on the go. Ideal for students, travelers, or anyone who wants a reliable companion for basic computing needs."
Asus,Vivobook E200HA,Netbook,11.6,1366x768,Intel,Atom x5-Z8350,1.44,2,32GB Flash Storage,Intel,HD Graphics 400,Windows 10,0.98,11 ~ 13,191.9,910,450,2,1360.125,office_basic,teacher; student; office_admin,"Here is a concise, friendly product description for the Asus Vivobook E200HA: Get portable productivity with the Asus Vivobook E200HA laptop! Weighing just 1.24kg, this slim and lightweight notebook is perfect for students and commuters who need to stay connected on-the-go. With up to 13 hours of battery life and a compact 11.6-inch display, you can work or study anywhere."
Lenovo,Yoga Book,2 in 1 Convertible,10.1,IPS Panel Touchscreen 1920x1200,Intel,Atom x5-Z8550,1.44,4,64GB Flash Storage,Intel,HD Graphics 400,Android,0.69,8 ~ 10,319,1179,450,4,1629.25,office_basic,teacher; student; office_admin,"The Lenovo Yoga Book is a versatile and portable laptop perfect for everyday use. With its 10.1"" touchscreen display, you can easily navigate and create content on the go. Suitable for students and professionals who need a reliable device for basic tasks like word processing, browsing, and streaming."
Asus,X751NV-TY001T (N4200/4GB/1TB/GeForce),Notebook,17.3,1366x768,Intel,Pentium Quad Core N4200,1.1,4,1TB HDD,Nvidia,GeForce 920MX,Windows 10,2.8,3 ~ 4,466,724,1069,4,1793.25,"office_basic,office_admin, gaming_light",office_worker; student,"The Asus X751NV-TY001T laptop is a reliable choice for everyday use, featuring a spacious 17.3"" display perfect for multitasking. Powered by the Pentium Quad Core N4200 processor, it handles general tasks efficiently. The combination of a 1TB hard drive and dedicated GeForce 920MX graphics ensures smooth performance for basic gaming and multimedia needs."
Dell,Inspiron 5570,Notebook,15.6,Full HD 1920x1080,Intel,Core i5 8250U,1.6,8,256GB SSD,AMD,Radeon 530,Windows 10,2.2,4 ~ 5,800,833,1030,8,1863.5,office_basic;coding_basic;figma;gaming_light,office_admin;software_engineer;student_cs,"Here is a concise, friendly product description for the Dell Inspiron 5570: ""Get the perfect blend of performance and portability with the Dell Inspiron 5570 laptop. Featuring an 8th Gen Core i5 processor, 8GB of RAM, and a Radeon 530 GPU, this laptop delivers smooth multitasking and graphics. Ideal for students, professionals, and anyone looking for a reliable everyday laptop."""
Dell,Inspiron 3567,Notebook,15.6,Full HD 1920x1080,Intel,Core i3 6006U,2,4,256GB SSD,AMD,Radeon R5 M430,Windows 10,2.2,2 ~ 3,498.9,1356,648,4,2004.25,office_basic,office_admin,"Here is a concise, friendly product description for the Dell Inspiron 3567: The Dell Inspiron 3567 is perfect for everyday tasks like browsing, emailing and streaming. With its vibrant 15.6"" Full HD display and powerful Core i3 processor, you'll enjoy smooth performance and great visuals. Ideal for students or anyone who needs a reliable laptop for basic computing tasks."
Dell,Inspiron 3567,Notebook,15.6,Full HD 1920x1080,Intel,Core i3 6006U,2,4,256GB SSD,AMD,Radeon R5 M430,Linux,2.2,4 ~ 5,485,1356,648,4,2004.25,office_basic,office_admin,"Here is a concise product description for the Dell Inspiron 3567: The Dell Inspiron 3567 is an affordable laptop perfect for everyday tasks like browsing, emailing, and streaming. With its vibrant 15.6"" Full HD display and powerful Core i3 processor, you'll enjoy smooth performance on any task. Ideal for students, professionals, and anyone who wants a reliable laptop that won't break the bank."
Apple,MacBook Air,Ultrabook,13.3,1440x900,Intel,Core i5,1.6,8,128GB Flash Storage,Intel,HD Graphics 6000,Mac OS X,1.35,11 ~ 12,1099,1340,849,8,2189.5,office_basic;coding_basic;figma,office_admin;software_engineer;student_cs;teacher,"Here is a concise, friendly product description for the Apple MacBook Air: ""Get portable productivity with the Apple MacBook Air. This lightweight laptop features a vibrant 13.3"" display, powerful Core i5 processor, and ample 8GB of RAM to handle everyday tasks. Perfect for students, professionals on-the-go, and anyone who needs a reliable companion. Enjoy up to 12 hours of battery life."""
HP,250 G6,Notebook,15.6,1366x768,Intel,Core i3 6006U,2,4,500GB HDD,AMD,Radeon 520,Windows 10,1.86,6 ~ 7,438.69,1477,787,4,2264.25,office_basic; gaming_light,office_admin,"Meet the HP 250 G6, a reliable and affordable laptop perfect for everyday use. Equipped with a 15.6"" HD display, Intel Core i3 processor, and Radeon 520 graphics, this laptop handles browsing, office work, and streaming with ease. With 4GB of RAM and 500GB storage, you'll have plenty of space to store files and documents. Ideal for students, professionals, or anyone on a budget, the HP 250 G6 offers up to 7 hours of battery life for all-day productivity."
Asus,X541UV-DM1439T (i3-7100U/6GB/256GB/GeForce,Notebook,15.6,Full HD 1920x1080,Intel,Core i3 7100U,2.4,6,256GB SSD,Nvidia,GeForce 920M,Windows 10,2,4 ~ 5,577,1569,717,6,2286.375,office_basic;gaming_light,office_admin,"Meet the Asus X541UV, a reliable laptop for everyday use. Powered by an Intel Core i3 processor, it delivers smooth performance for tasks like browsing, office work, and streaming. With 6GB of RAM and a 256GB SSD, you'll enjoy fast loading times and efficient storage. Ideal for students, home users, or anyone looking for a hassle-free laptop experience."
HP,250 G6,Notebook,15.6,Full HD 1920x1080,Intel,Core i3 6006U,2,4,500GB HDD,Intel,HD Graphics 520,No OS,1.86,6 ~ 7,344.99,1477,831,4,2308.25,office_basic,office_admin,"The HP 250 G6 is a reliable and affordable laptop perfect for everyday tasks. Its 15.6"" Full HD display provides clear visuals, while the Core i3 processor delivers smooth performance. Ideal for students and professionals on a budget, this laptop also features around 6-7 hours of battery life."
Acer,Aspire E5-475,Notebook,14,1366x768,Intel,Core i3 6006U,2,8,1TB HDD,Intel,HD Graphics 520,Windows 10,2.1,1.5 ~ 2,389,1566,831,8,2397.5,office_basic;coding_basic;figma,office_admin;software_engineer;student_cs,"The Acer Aspire E5-475 is a reliable laptop perfect for everyday tasks. With an Intel Core i3 processor, 8GB of RAM, and 1TB of storage, you'll have plenty of space to work, study, or browse the web. Its compact 14-inch display makes it ideal for students, freelancers, or anyone who needs a portable computer for basic computing."
Dell,XPS 13,Ultrabook,13.3,IPS Panel Full HD / Touchscreen 1920x1080,Intel,Core i5 8250U,1.6,8,128GB SSD,Intel,UHD Graphics 620,Windows 10,1.22,9 ~ 10,979,1618,1030,8,2648.5,office_basic;coding_basic;figma,office_admin;software_engineer;student_cs;teacher,"The Dell XPS 13 is a slim and powerful laptop perfect for everyday use. With its stunning 13.3"" Full HD touchscreen display, you'll enjoy crisp visuals and intuitive navigation. Equipped with an Intel Core i5 processor, 8GB of RAM, and fast SSD storage, this laptop excels at multitasking and running demanding apps. Ideal for students and professionals on-the-go."
Acer,Aspire 3,Notebook,15.6,1366x768,Intel,Core i3 7100U,2.4,4,1TB HDD,Intel,HD Graphics 620,Windows 10,2.4,5 ~ 6,384,1783,935,4,2718.25,office_basic,office_admin,"Here is a concise and friendly product description for the Acer Aspire 3 laptop: The Acer Aspire 3 is a reliable and affordable laptop perfect for everyday use. With its 15.6"" display, you can enjoy your favorite movies and shows in comfort. Powered by an Intel Core i3 processor and 4GB of RAM, it handles tasks like browsing, emailing, and word processing with ease."
Apple,Macbook Air,Ultrabook,13.3,1440x900,Intel,Core i5,1.8,8,128GB Flash Storage,Intel,HD Graphics 6000,macOS,1.34,10 ~ 12,898.94,1876,849,8,2725.5,office_basic;coding_basic;figma,office_admin;software_engineer;student_cs;teacher,"The Apple MacBook Air is a lightweight laptop perfect for everyday use. With its 13.3"" display, Core i5 processor, and 8GB of RAM, it's ideal for students, professionals, and anyone who wants to stay productive on the go. Enjoy up to 12 hours of battery life with this sleek and portable device."
Apple,Macbook Air,Ultrabook,13.3,1440x900,Intel,Core i5,1.8,8,256GB Flash Storage,Intel,HD Graphics 6000,macOS,1.34,10 ~ 12,1158.7,1876,849,8,2725.5,office_basic,office_admin;teacher,"The Apple MacBook Air is the perfect portable companion for anyone on-the-go. With a crisp 13.3"" display, powerful Core i5 processor, and up to 10 hours of battery life, you can stay productive anywhere. Ideal for students, professionals, and creatives who need a reliable and lightweight laptop for work or play."
Apple,MacBook Air,Ultrabook,13.3,1440x900,Intel,Core i5,1.6,8,256GB Flash Storage,Intel,HD Graphics 6000,Mac OS X,1.35,10 ~ 12,998,1876,849,8,2725.5,office_basic,office_admin;teacher,"Here is a concise and friendly product description for the Apple MacBook Air: ""Get creative, stay productive with the lightweight and versatile Apple MacBook Air. This powerful laptop features an impressive 13.3-inch display, reliable Core i5 processor, and up to 12 hours of battery life - perfect for students, freelancers, or anyone on-the-go! With ample storage and seamless performance, you can tackle tasks and projects with ease."""
Asus,Zenbook UX430UA,Ultrabook,14,Full HD 1920x1080,Intel,Core i7 7500U,2.7,8,256GB SSD,Intel,HD Graphics 620,Windows 10,1.25,8 ~ 9,1049,1826,935,8,2761.5,office_basic;coding_basic;figma,office_admin;software_engineer;student_cs;teacher,"Here is a concise, friendly product description for the Asus Zenbook UX430UA: Get productive on-the-go with the Asus Zenbook UX430UA, featuring an ultra-portable 14"" Full HD display and powerful Intel Core i7 processor. With 8GB of RAM and a fast 256GB SSD, this laptop is perfect for students, professionals, and anyone who needs to stay connected anywhere. Enjoy all-day battery life up to 9 hours and seamless multitasking."
Dell,Inspiron 3567,Notebook,15.6,Full HD 1920x1080,Intel,Core i5 7200U,2.5,4,256GB SSD,AMD,Radeon R5 M430,Windows 10,2.3,1.5 ~ 3,639,2155,648,4,2803.25,office_basic,office_admin,"Here is a concise, friendly product description for the Dell Inspiron 3567: ""Get productive on the go with the reliable Dell Inspiron 3567 laptop. Equipped with a powerful Core i5 processor, 4GB of RAM, and 256GB SSD storage, this laptop handles everyday tasks with ease. Perfect for students, freelancers, or anyone looking for a solid work companion."""
HP,250 G6,Notebook,15.6,1366x768,Intel,Core i5 7200U,2.5,4,500GB HDD,Intel,HD Graphics 620,No OS,1.86,2 ~ 4,393.9,2030,935,4,2965.25,office_basic,office_admin,"The HP 250 G6 laptop is perfect for everyday tasks, offering a reliable performance with its Core i5 processor and 4GB of RAM. The 15.6"" display makes it easy to get work done on the go, while the 500GB hard drive provides ample storage. Ideal for students, professionals, or anyone who needs a dependable laptop for basic computing tasks."
HP,250 G6,Notebook,15.6,1366x768,Intel,Core i5 7200U,2.5,4,1TB HDD,Intel,HD Graphics 620,Windows 10,1.86,2 ~ 4,488.69,2030,935,4,2965.25,office_basic,office_admin,"The HP 250 G6 is a reliable laptop designed for everyday use. With its powerful Core i5 processor, 1TB hard drive, and decent battery life of up to 4 hours, it's perfect for students or professionals who need to stay productive on the go. Suitable for office work, streaming, and browsing."
HP,250 G6,Notebook,15.6,Full HD 1920x1080,Intel,Core i5 7200U,2.5,8,256GB SSD,Intel,HD Graphics 620,No OS,1.86,3 ~ 6,575,2030,935,8,2965.5,office_basic;coding_basic;figma,office_admin;software_engineer;student_cs,"The HP 250 G6 is a reliable and efficient laptop perfect for everyday use. Equipped with an Intel Core i5 processor, 8GB of RAM, and a 256GB SSD, this laptop delivers smooth performance for work and entertainment. Its 15.6"" Full HD display makes streaming and browsing a delight."
HP,250 G6,Notebook,15.6,Full HD 1920x1080,Intel,Core i5 7200U,2.5,8,256GB SSD,Intel,HD Graphics 620,Windows 10,1.86,3 ~ 6,690,2030,935,8,2965.5,office_basic,office_admin,"Here is a concise, friendly product description for the HP 250 G6 laptop: Meet the reliable HP 250 G6, perfect for everyday tasks like browsing, office work, and streaming. With its 15.6"" Full HD display and Core i5 processor, you'll enjoy smooth performance and vibrant visuals. Ideal for students, professionals, or anyone who needs a hassle-free laptop that just gets the job done."
HP,250 G6,Notebook,15.6,Full HD 1920x1080,Intel,Core i5 7200U,2.5,8,256GB SSD,Intel,HD Graphics 620,Windows 10,1.96,3 ~ 6,598.99,2030,935,8,2965.5,office_basic;coding_basic;figma,office_admin;software_engineer;student_cs,"The HP 250 G6 is a reliable and efficient laptop perfect for everyday tasks. Equipped with an Intel Core i5 processor, 8GB of RAM, and a 256GB SSD, it provides smooth performance for multitasking and running demanding applications. The Full HD display and long battery life make it ideal for students, professionals, and anyone seeking a balance between portability and productivity."
Dell,Inspiron 3567,Notebook,15.6,1366x768,Intel,Core i3 6006U,2,4,1TB HDD,Intel,HD Graphics 520,Windows 10,2.3,2 ~ 3,418.64,2155,831,4,2986.25,office_basic,office_admin,"Meet the Dell Inspiron 3567, a reliable laptop perfect for everyday use! With its 15.6"" display, you can stream your favorite shows or browse the web with ease. The Core i3 processor and 4GB of RAM provide smooth performance for tasks like office work and social media. Ideal for students and home users who want a hassle-free computing experience."
Dell,Inspiron 3567,Notebook,15.6,Full HD 1920x1080,Intel,Core i7 7500U,2.7,8,256GB SSD,AMD,Radeon R5 M430,Windows 10,2.2,2.5 ~ 4,745,2390,648,8,3038.5,office_basic;coding_basic;figma,office_admin;software_engineer;student_cs,"The Dell Inspiron 3567 is a reliable laptop perfect for everyday tasks, featuring an Intel Core i7 processor for smooth performance, an 8GB RAM to handle multiple apps, and a 256GB SSD for quick loading times. Enjoy crisp visuals on the 15.6"" Full HD display. Ideal for students, professionals, and anyone who needs a balance of power and portability."
Dell,Inspiron 3567,Notebook,15.6,Full HD 1920x1080,Intel,Core i7 7500U,2.7,8,1TB HDD,AMD,Radeon R5 M430,Linux,2.2,2 ~ 3.5,599.9,2390,648,8,3038.5,office_basic,office_admin,"The Dell Inspiron 3567 is a powerful laptop designed for everyday use. Its 15.6"" Full HD display provides crisp visuals, while the Core i7 processor handles demanding tasks with ease. Ideal for students or professionals who need to balance work and play, this laptop offers ample storage and reliable performance."
Lenovo,IdeaPad 320-15ISK,Notebook,15.6,1366x768,Intel,Core i3 6006U,2,4,128GB SSD,Intel,HD Graphics 520,No OS,2.2,3.5 ~ 5,369,2284,831,4,3115.25,office_basic;multitask;coding_basic;figma;photoshop;data_science,data_scientist;graphic_designer;office_admin;software_engineer;student_cs;uiux_designer,"The Lenovo IdeaPad 320-15ISK is a reliable laptop for everyday use. With its Intel Core i3 processor, it handles tasks efficiently while being affordable. The 128GB SSD provides snappy performance, making it suitable for students or anyone needing basic productivity and web browsing capabilities. Ideal for casual users who want a hassle-free computing experience."
HP,15-bs002nv (i3-6006U/4GB/128GB/FHD/W10),Notebook,15.6,Full HD 1920x1080,Intel,Core i3 6006U,2,4,128GB SSD,Intel,HD Graphics 520,Windows 10,1.91,3 ~ 4,439,2284,831,4,3115.25,office_basic,office_admin,"Here is a concise, friendly product description for the HP 15-bs002nv laptop: ""Get productive on the go with this slim and lightweight HP 15-bs002nv laptop. Powered by an Intel Core i3 processor, it's perfect for everyday tasks like browsing, emailing, and streaming. The Full HD display and long-lasting battery (up to 4 hours) make it ideal for students or professionals who need a reliable work companion."""
Asus,X541UA-DM1897 (i3-6006U/4GB/256GB/FHD/Linux),Notebook,15.6,Full HD 1920x1080,Intel,Core i3 6006U,2,4,256GB SSD,Intel,HD Graphics 520,Linux,2,4 ~ 5.5,415,2284,831,4,3115.25,office_basic; gaming_light,office-admin,"The Asus X541UA-DM1897 is a reliable laptop perfect for everyday tasks and basic productivity. Equipped with an Intel Core i3 processor, 256GB SSD, and Full HD display, it delivers smooth performance and efficient storage. Ideal for students and professionals who need a hassle-free computing experience, this laptop offers around 4-5.5 hours of battery life."
HP,17-ak001nv (A6-9220/4GB/500GB/Radeon,Notebook,17.3,Full HD 1920x1080,AMD,A6-Series 9220,2.5,4,500GB HDD,AMD,Radeon 530,Windows 10,2.71,2 ~ 3,439,2100,1030,4,3130.25,office_basic; gaming_light,office_admin,"Meet the HP 17-ak001nv, a great value laptop for everyday tasks! With its 17.3"" Full HD display, you can enjoy crisp visuals and vibrant colors. Perfect for students, home users, or those on a budget, this laptop packs a punch with its A6-Series CPU, Radeon GPU, and ample storage."
Asus,X540UA-DM186 (i3-6006U/4GB/1TB/FHD/Linux),Notebook,15.6,Full HD 1920x1080,Intel,Core i3 6006U,2,4,1TB HDD,Intel,HD Graphics 620,Linux,2,2.5 ~ 3.5,389,2284,935,4,3219.25,office_basic,office_admin,"The Asus X540UA-DM186 is a reliable laptop for everyday tasks, featuring a 15.6"" Full HD display and powerful Core i3 processor. With 4GB of RAM and 1TB of storage, it's perfect for students and professionals who need a balance of performance and affordability. Ideal for web browsing, office work, and streaming media on the go."
Dell,Vostro 5471,Ultrabook,14,Full HD 1920x1080,Intel,Core i5 8250U,1.6,8,256GB SSD,Intel,UHD Graphics 620,Windows 10,1.7,6 ~ 8,879,2227,1030,8,3257.5,office_basic;coding_basic;figma,office_admin;software_engineer;student_cs,"The Dell Vostro 5471 is a versatile laptop perfect for everyday use. Equipped with an Intel Core i5 processor, 8GB of RAM, and a 256GB SSD, it offers fast performance and efficient storage. Its Full HD display and UHD Graphics 620 make it ideal for casual gaming and streaming. Ideal for students, entrepreneurs, or anyone who wants a reliable laptop for work and play."
Microsoft,Surface Laptop,Ultrabook,13.5,Touchscreen 2256x1504,Intel,Core i5 7200U,2.5,4,128GB SSD,Intel,HD Graphics 620,Windows 10 S,1.252,7  ~ 9,1089,2340,935,4,3275.25,office_basic;multitask;coding_heavy;figma;photoshop;data_science,data_scientist;graphic_designer;office_admin;software_engineer;student_cs;teacher;uiux_designer,"Meet the Microsoft Surface Laptop, a sleek and powerful companion for on-the-go creatives and professionals. Featuring a vibrant 13.5"" touchscreen display and efficient Core i5 processor, this laptop is perfect for those who need to stay productive and connected all day long. With around 7-9 hours of battery life and 128GB of storage, you can take your work or studies wherever you go."
Dell,Inspiron 5570,Notebook,15.6,Full HD 1920x1080,Intel,Core i7 8550U,1.8,8,256GB SSD,AMD,Radeon 530,Windows 10,2.2,4 ~ 5,870,2349,1030,8,3379.5,office_basic;coding_basic;figma;gaming_light,office_admin;software_engineer;student_cs,"The Dell Inspiron 5570 is a powerful laptop for work and play. Equipped with an 8th Gen Intel Core i7 processor, 8GB of RAM, and a Radeon 530 graphics card, it handles demanding tasks with ease. The 15.6"" Full HD display and 256GB SSD provide a smooth user experience. Ideal for students, professionals, and anyone looking for a reliable laptop that balances performance and portability."
Dell,Inspiron 5570,Notebook,15.6,Full HD 1920x1080,Intel,Core i7 8550U,1.8,8,128GB SSD +  1TB HDD,Intel,UHD Graphics 620,Windows 10,2.02,4 ~ 5,855,2349,1030,8,3379.5,office_basic,office_admin,"Meet the Dell Inspiron 5570, a reliable laptop for everyday tasks. With its 15.6"" Full HD display and powerful Core i7 processor, you can enjoy smooth performance and vibrant visuals. Ideal for students, professionals, and anyone who needs a balance of power and portability, this laptop is perfect for browsing, working, and streaming on the go."
HP,ProBook 440,Notebook,14,Full HD 1920x1080,Intel,Core i5 8250U,1.6,8,256GB SSD,Intel,HD Graphics 620,Windows 10,1.63,7 ~ 14,860,2690,935,8,3625.5,office_basic;coding_basic;figma,office_admin;software_engineer;student_cs,"The HP ProBook 440 is a reliable laptop designed for professionals who need to stay productive on-the-go. Equipped with an Intel Core i5 processor, 8GB of RAM, and a 256GB SSD, it delivers fast performance and efficient multitasking. Its Full HD display provides clear visuals for presentations and everyday use, while the long-lasting battery ensures up to 14 hours of runtime."
Acer,Swift 3,Ultrabook,14,IPS Panel Full HD 1920x1080,Intel,Core i5 8250U,1.6,8,256GB SSD,Intel,UHD Graphics 620,Windows 10,1.6,11 ~ 14,770,2812,1030,8,3842.5,office_basic;coding_basic;figma,office_admin;software_engineer;student_cs;teacher,"The Acer Swift 3 is a portable powerhouse perfect for students, professionals, and anyone on-the-go. Featuring an impressive Full HD display, 8GB of RAM, and a snappy 256GB SSD, this laptop delivers smooth performance and ample storage. With up to 14 hours of battery life, you can work or study all day without needing a charge."
Dell,Inspiron 5770,Notebook,17.3,IPS Panel Full HD 1920x1080,Intel,Core i5 8250U,1.6,8,128GB SSD +  1TB HDD,AMD,Radeon 530,Windows 10,2.8,5 ~ 7,979,2923,1030,8,3953.5,office_basic;coding_basic;figma;gaming_light,office_admin;software_engineer;student_cs,"Here is a concise, friendly product description for the Dell Inspiron 5770: Get the perfect blend of performance and portability with the Dell Inspiron 5770 laptop. This powerful machine features an Intel Core i5 processor, 8GB of RAM, and a dedicated Radeon 530 GPU to handle demanding tasks. The 17.3"" Full HD display makes streaming and productivity a joy. Ideal for students, professionals, and anyone on-the-go, this laptop delivers all-day battery life (up to 7 hours)."
Lenovo,IdeaPad 520S-14IKB,Notebook,14,IPS Panel Full HD 1920x1080,Intel,Core i3 7130U,2.7,8,256GB SSD,Intel,HD Graphics 620,No OS,1.7,6 ~ 8,599,3050,935,8,3985.5,office_basic;coding_basic;figma,office_admin;software_engineer;student_cs,"The Lenovo IdeaPad 520S-14IKB is a sleek and portable laptop perfect for everyday use. With its 14-inch Full HD display, you'll enjoy crisp visuals on the go. Powered by an Intel Core i3 processor and 8GB of RAM, it handles tasks with ease."
Dell,Inspiron 5379,2 in 1 Convertible,13.3,Full HD / Touchscreen 1920x1080,Intel,Core i5 8250U,1.6,8,256GB SSD,Intel,UHD Graphics 620,Windows 10,1.62,5 ~ 7,819,3145,1030,8,4175.5,office_basic;coding_basic;figma,office_admin;software_engineer;student_cs,"Here is a concise, friendly product description for the Dell Inspiron 5379: ""Get productive on-the-go with the Dell Inspiron 5379. This compact laptop packs a powerful Core i5 processor, 8GB of RAM, and a fast 256GB SSD, making it perfect for everyday tasks like work, school, or creative projects. Enjoy crisp visuals on the 13.3-inch Full HD touchscreen display."""
Dell,Inspiron 3576,Notebook,15.6,Full HD 1920x1080,Intel,Core i7 8550U,1.8,8,256GB SSD,AMD,Radeon 520,Windows 10,2.13,4 ~ 6,767.8,3408,787,8,4195.5,office_basic;coding_basic;figma;gaming_light,office_admin;software_engineer;student_cs,"Meet the Dell Inspiron 3576, a powerful and portable laptop perfect for students, professionals, and anyone who wants to stay productive on-the-go! With its 15.6"" Full HD display and Core i7 processor, you'll enjoy smooth performance and stunning visuals. Ideal for multitaskers, this laptop combines 8GB of RAM, a Radeon 520 GPU, and 256GB SSD storage for seamless gaming and data storage."
Lenovo,IdeaPad 320-15IKB,Notebook,15.6,Full HD 1920x1080,Intel,Core i3 7100U,2.4,8,1TB HDD,Nvidia,GeForce 940MX,No OS,2.2,5 ~ 7,499,2720,1512,8,4232.5,office_basic;coding_basic;figma;gaming_light,office_admin;software_engineer;student_cs,"Here is a concise, friendly product description: The Lenovo IdeaPad 320-15IKB is perfect for students and professionals on-the-go who need a reliable laptop that gets the job done. With its 15.6"" Full HD display, 8GB of RAM, and dedicated GeForce 940MX graphics card, you can enjoy seamless performance and crisp visuals. Plus, with up to 7 hours of battery life, you'll stay productive all day long."
Lenovo,IdeaPad 320-15IKBN,Notebook,15.6,Full HD 1920x1080,Intel,Core i5 7200U,2.5,8,2TB HDD,Intel,HD Graphics 620,No OS,2.2,6 ~ 8,519,3369,935,8,4304.5,office_basic;coding_basic;figma,office_admin;software_engineer;student_cs,"Here is a concise, friendly product description: Get productive with the Lenovo IdeaPad 320-15IKBN, a reliable laptop designed for everyday use. With an 15.6"" Full HD display and Core i5 processor, you can multitask with ease. Enjoy 8GB of RAM and a spacious 2TB hard drive - perfect for students, professionals, and anyone needing a reliable device for work or school projects."
Asus,VivoBook Max,Notebook,15.6,1366x768,Intel,Core i5 7200U,2.5,4,256GB SSD,Intel,HD Graphics 620,Windows 10,2,3 ~ 4,586.19,3400,935,4,4335.25,office_basic;multitask;coding_heavy;figma;photoshop;data_science,data_scientist;graphic_designer;office_admin;software_engineer;student_cs;uiux_designer,"Here is a concise, friendly product description for the Asus VivoBook Max: ""Get productive on-the-go with the Asus VivoBook Max laptop. Featuring a powerful Core i5 processor and fast 256GB SSD storage, this versatile laptop is perfect for students and professionals who need to stay organized and connected. With up to 4 hours of battery life, you can work or study without worrying about running out of power."""
Lenovo,V310-15ISK (i5-7200U/4GB/1TB/FHD/W10),Notebook,15.6,Full HD 1920x1080,Intel,Core i5 7200U,2.5,4,1TB HDD,Intel,HD Graphics 620,Windows 10,1.9,2.5 ~ 3.5,549,3400,935,4,4335.25,office_basic,office_admin,"Here is a concise, friendly product description for the Lenovo V310-15ISK: Experience reliable performance with the Lenovo V310-15ISK laptop, featuring a 7th Gen Intel Core i5 processor and 4GB of RAM to handle everyday tasks efficiently. The 15.6"" Full HD display provides crisp visuals, while the 1TB hard drive offers ample storage for your files. Ideal for students and professionals on-the-go, this laptop delivers solid value without breaking the bank."
Acer,Spin 5,2 in 1 Convertible,13.3,IPS Panel Full HD / Touchscreen 1920x1080,Intel,Core i5 8250U,1.6,8,256GB SSD,Intel,UHD Graphics 620,Windows 10,1.5,7 ~ 10,847,3468,1030,8,4498.5,office_basic;coding_basic;figma,office_admin;software_engineer;student_cs;teacher,"Meet the Acer Spin 5, a versatile and powerful laptop perfect for students and professionals on-the-go. Its 13.3"" Full HD touchscreen display offers vibrant visuals, while its Core i5 processor and 8GB of RAM provide smooth multitasking. With up to 10 hours of battery life, you can work or play all day without needing to recharge."
Acer,Aspire A515-51G,Notebook,15.6,IPS Panel Full HD 1920x1080,Intel,Core i7 8550U,1.8,8,256GB SSD,Nvidia,GeForce MX150,Windows 10,2.2,4 ~ 6,841,2305,2255,8,4560.5,office_basic;coding_basic;figma;gaming_light,office_admin;software_engineer;student_cs,"Here is a concise and friendly product description for the Acer Aspire A515-51G: ""Get ready to power through your day with the Acer Aspire A515-51G. This sleek laptop features a vibrant 15.6"" Full HD display, a fast Core i7 processor, and 8GB of RAM to handle demanding tasks. The dedicated NVIDIA GeForce MX150 GPU provides smooth graphics performance, while 256GB SSD storage keeps you running quickly. Perfect for students, professionals, or anyone needing a reliable laptop."""
Acer,Aspire A515-51G,Notebook,15.6,IPS Panel Full HD 1920x1080,Intel,Core i5 8250U,1.6,4,256GB SSD,Intel,UHD Graphics 620,Windows 10,2.2,5 ~ 7,682,3582,1030,4,4612.25,office_basic,office_admin,"Here is a concise, friendly product description for the Acer Aspire A515-51G: Get productive with the Acer Aspire A515-51G laptop. Equipped with an Intel Core i5 processor, 4GB of RAM, and a fast 256GB SSD, this device excels at everyday tasks like browsing, emailing, and office work. The Full HD display provides vibrant visuals, while up to 7 hours of battery life keeps you going throughout the day."
HP,ProBook 470,Notebook,17.3,Full HD 1920x1080,Intel,Core i5 8250U,1.6,8,128GB SSD +  1TB HDD,Nvidia,GeForce 930MX,Windows 10,2.5,3 ~ 4.5,977,3357,1285,8,4642.5,office_basic;coding_basic;figma;gaming_light,office_admin;software_engineer;student_cs,"Meet the HP ProBook 470, a reliable laptop designed for professionals on-the-go. Boasting an Intel Core i5 processor, 8GB of RAM, and a dedicated NVIDIA GeForce 930MX GPU, this laptop delivers smooth performance for multitasking and graphics-intensive tasks. With its 17.3"" Full HD display and ample storage, it's perfect for business users who need a balance of power and portability."
HP,ProBook 450,Notebook,15.6,Full HD 1920x1080,Intel,Core i5 8250U,1.6,8,256GB SSD,Nvidia,GeForce 930MX,Windows 10,2.1,4 ~ 6,879,3488,1285,8,4773.5,office_basic;coding_basic;figma;gaming_light,office_admin;software_engineer;student_cs,"Meet the HP ProBook 450, a powerful and portable laptop designed for busy professionals. With a crisp 15.6"" Full HD display, you'll enjoy vibrant visuals and sharp text. The Intel Core i5 processor and 8GB of RAM provide smooth performance, while the dedicated NVIDIA GeForce 930MX GPU handles graphics with ease. Perfect for those who need to stay productive on-the-go."
Dell,Latitude 5590,Ultrabook,15.6,Full HD 1920x1080,Intel,Core i7 8650U,1.9,8,256GB SSD +  256GB SSD,Intel,UHD Graphics 620,Windows 10,1.88,6 ~ 8,1298,3781,1030,8,4811.5,office_basic;coding_basic;figma,office_admin;software_engineer;student_cs,"The Dell Latitude 5590 is a reliable laptop designed for professionals on-the-go. Equipped with an Intel Core i7 processor, 8GB of RAM, and dual 256GB SSDs, it delivers fast performance and ample storage. Perfect for business use or remote work, its long battery life up to 8 hours ensures you stay productive all day."
Acer,Aspire A515-51G-32MX,Notebook,15.6,Full HD 1920x1080,Intel,Core i3 7130U,2.7,4,1TB HDD,Nvidia,GeForce MX130,Windows 10,2.2,3.5 ~ 5,530,3000,1814,4,4814.25,office_basic,office_admin,"The Acer Aspire A515-51G-32MX is a reliable laptop for everyday use. Featuring a 15.6"" Full HD display, it's perfect for streaming, browsing, and office work. With a Core i3 processor and 1TB of storage, you'll have ample space for files and documents. Great for students, freelancers, or anyone needing a dependable laptop for basic tasks."
Asus,X542UQ-GO005 (i5-7200U/8GB/1TB/GeForce,Notebook,15.6,1366x768,Intel,Core i5 7200U,2.5,8,1TB HDD,Nvidia,GeForce 940MX,Linux,2.3,2.5 ~ 4,522.99,3350,1512,8,4862.5,office_basic;coding_basic;figma;gaming_light,office_admin;software_engineer;student_cs,"Here is a concise, friendly product description for the Asus X542UQ-GO005: Get productive on the go with the Asus X542UQ-GO005! This versatile laptop features an Intel Core i5 processor, 8GB of RAM, and a spacious 1TB hard drive. Perfect for students, freelancers, or anyone who needs a reliable computer for everyday tasks, this laptop offers great performance and storage at an affordable price."
Dell,Latitude 5590,Ultrabook,15.6,IPS Panel Full HD 1920x1080,Intel,Core i5 8250U,1.6,8,256GB SSD,Intel,UHD Graphics 620,Windows 10,1.88,7 ~ 9,1096.16,3879,1030,8,4909.5,office_basic;coding_basic;figma,office_admin;software_engineer;student_cs,"Meet the Dell Latitude 5590, a reliable laptop designed for professionals on-the-go. With its 15.6"" Full HD display, you can enjoy crisp visuals and productivity wherever your work takes you. Powered by an i5 processor and 8GB of RAM, this laptop handles tasks with ease, while the SSD storage keeps you running smoothly. Ideal for office workers and remote teams who need a hassle-free device."
Dell,Inspiron 5770,Notebook,17.3,Full HD 1920x1080,Intel,Core i7 8550U,1.8,16,256GB SSD +  2TB HDD,AMD,Radeon 530,Windows 10,2.8,3 ~ 5,1299,3971,1030,16,5002,office_basic;multitask;coding_heavy;figma;photoshop,graphic_designer;office_admin;software_engineer;student_cs;uiux_designer,"The Dell Inspiron 5770 is a versatile laptop designed for everyday use. Its 17.3"" Full HD display provides crisp visuals, while the Core i7 processor delivers smooth performance. With ample storage and 16GB of RAM, this laptop is perfect for students, professionals, and anyone who needs to multitask with ease."
Acer,Aspire 3,Notebook,15.6,1366x768,Intel,Core i3 7130U,2.7,4,1TB HDD,Intel,HD Graphics 620,Linux,2.1,4 ~ 6,367,4100,935,4,5035.25,office_basic,office_admin,"The Acer Aspire 3 is a reliable laptop perfect for everyday tasks. With its large 15.6"" display and Core i3 processor, you can enjoy smooth performance while working or streaming your favorite shows. The spacious 1TB hard drive provides ample storage for all your files. Ideal for students and professionals who need a no-fuss device to stay productive."
Apple,MacBook Pro,Ultrabook,15.4,IPS Panel Retina Display 2880x1800,Intel,Core i7,2.2,16,256GB Flash Storage,Intel,Iris Pro Graphics,Mac OS X,2.04,8 ~ 10,2139.97,3863,1176,16,5040,office_basic;multitask;coding_heavy;figma;photoshop,graphic_designer;office_admin;software_engineer;student_cs;teacher;uiux_designer,"Meet the Apple MacBook Pro, a powerhouse laptop designed for creative professionals and heavy users. With its stunning 15.4"" Retina Display, Core i7 processor, and Iris Pro Graphics, you'll enjoy seamless performance and vibrant visuals. Perfect for photo editing, video production, or demanding tasks, this machine packs 16GB of RAM and 256GB flash storage for a smooth user experience that lasts up to 10 hours on a single charge."
Asus,FX550IK-DM018T (FX-9830P/8GB/1TB/Radeon,Gaming,15.6,Full HD 1920x1080,AMD,FX 9830P,3,8,1TB HDD,AMD,Radeon RX 560,Windows 10,2.45,2 ~ 3,699,1467,3670,8,5137.5,office_basic;figma;gaming_light,office_admin,"The Asus FX550IK-DM018T is a powerful and feature-packed laptop perfect for everyday use. With its AMD FX 9830P processor, 8GB of RAM, and Radeon RX 560 graphics card, it handles demanding tasks with ease. The 15.6"" Full HD display makes streaming and browsing a pleasure, ideal for students and professionals on the go who need reliable performance without breaking the bank."
HP,ProBook 430,Notebook,13.3,Full HD 1920x1080,Intel,Core i7 8550U,1.8,8,512GB SSD,Intel,UHD Graphics 620,Windows 10,1.49,2 ~ 3,1103,4118,1030,8,5148.5,office_basic;multitask;coding_heavy;figma;photoshop;data_science,data_scientist;graphic_designer;office_admin;software_engineer;student_cs;teacher;uiux_designer,"The HP ProBook 430 is a powerful and portable laptop perfect for professionals on-the-go. Featuring an 8th Gen Core i7 processor, 512GB SSD storage, and 8GB of RAM, it delivers smooth performance for demanding tasks like document editing and presentations. Ideal for business users who need reliability and speed in a compact package."
HP,Probook 430,Notebook,13.3,Full HD 1920x1080,Intel,Core i7 8550U,1.8,16,512GB SSD,Intel,UHD Graphics 620,Windows 10,1.49,2 ~ 3,1197,4118,1030,16,5149,office_basic;multitask;coding_heavy;figma;photoshop,graphic_designer;office_admin;software_engineer;student_cs;teacher;uiux_designer,"The HP Probook 430 is a powerful and portable laptop perfect for professionals on the go. Equipped with an Intel Core i7 processor, 16GB of RAM, and a fast 512GB SSD, it delivers seamless performance and multitasking capabilities. Ideal for business users who need to stay productive anywhere, its Full HD display and long-lasting battery ensure you can work efficiently all day."
Dell,Inspiron 5370,Ultrabook,13.3,IPS Panel Full HD 1920x1080,Intel,Core i7 8550U,1.8,8,256GB SSD,AMD,Radeon 530,Windows 10,1.4,3 ~ 4,955,4169,1030,8,5199.5,office_basic;gaming_light,office_admin;teacher,"The Dell Inspiron 5370 is a versatile laptop designed for everyday use. With its vibrant 13.3"" Full HD display, you'll enjoy crisp visuals and rich colors. The powerful Core i7 processor and Radeon 530 graphics provide smooth performance for multitasking and creative tasks. Perfect for students and professionals on-the-go."
Dell,XPS 13,Ultrabook,13.3,IPS Panel Full HD 1920x1080,Intel,Core i7 8550U,1.8,8,256GB SSD,Intel,UHD Graphics 620,Windows 10,1.21,8 ~ 10,1649,4347,1030,8,5377.5,office_basic;coding_basic;figma,office_admin;software_engineer;student_cs;teacher,"The Dell XPS 13 is a sleek and powerful laptop perfect for everyday use. Featuring a vibrant 13.3"" Full HD display, an Intel Core i7 processor, and 8GB of RAM, this laptop handles multitasking with ease. Ideal for students, professionals, or anyone who needs a reliable device to stay productive on the go."
Dell,XPS 13,Ultrabook,13.3,Touchscreen / Quad HD+ 3200x1800,Intel,Core i7 8550U,1.8,16,512GB SSD,Intel,UHD Graphics 620,Windows 10,1.2,6 ~ 8,1869,4347,1030,16,5378,office_basic,office_admin;teacher,"Here is a concise, friendly product description for the Dell XPS 13: Experience power and portability with the Dell XPS 13. Featuring a stunning Quad HD+ touchscreen display and Intel Core i7 processor, this laptop delivers seamless performance. Ideal for busy professionals and creatives on-the-go, it offers all-day battery life up to 8 hours and plenty of storage space."
Dell,Inspiron 7773,2 in 1 Convertible,17.3,Full HD / Touchscreen 1920x1080,Intel,Core i5 8250U,1.6,12,1TB HDD,Nvidia,GeForce 150MX,Windows 10,2.77,3 ~ 4,999,3242,2255,12,5497.75,office_basic;coding_basic;figma,office_admin;software_engineer;student_cs,"The Dell Inspiron 7773 is a powerful and portable laptop perfect for everyday use. With its large 17.3"" Full HD touchscreen display, you'll enjoy vivid visuals and intuitive touch control. Ideal for students, professionals, and anyone who wants to stay productive on the go, this laptop features a reliable Core i5 processor, ample 12GB of RAM, and a spacious 1TB hard drive."
Apple,MacBook Pro,Ultrabook,13.3,IPS Panel Retina Display 2560x1600,Intel,Core i5,2,8,256GB SSD,Intel,Iris Graphics 540,macOS,1.37,8 ~ 10 ,1419,4734,1262,8,5996.5,office_basic;coding_basic;figma,office_admin;software_engineer;student_cs;teacher,"Here is a concise and friendly product description for the Apple MacBook Pro: ""Stay productive on-the-go with the Apple MacBook Pro, featuring a stunning 13.3-inch Retina Display and powerful Core i5 processor. With 8GB of RAM and a fast SSD, you'll enjoy seamless multitasking and rapid app launching. Ideal for students, professionals, and creatives, this laptop delivers up to 10 hours of battery life."""
Asus,ZenBook UX430UN,Ultrabook,14,Full HD 1920x1080,Intel,Core i7 8550U,1.8,16,512GB SSD,Nvidia,GeForce MX150,Windows 10,1.3,6 ~ 8,1495,"3,937",2255,16,6193,office_basic;multitask;coding_heavy;figma;photoshop;video_editing_1080p;3d_rendering;cad_cam;gaming_light,3d_artist;content_creator;graphic_designer;office_admin;software_engineer;student_cs;teacher;uiux_designer;video_editor,"Meet the Asus ZenBook UX430UN, a powerful and portable laptop designed for productivity on-the-go. With its impressive Core i7 processor, 16GB of RAM, and dedicated GeForce MX150 graphics, you can tackle demanding tasks with ease. Perfect for students, professionals, and creators who need a reliable device that's also compact and lightweight."
Apple,MacBook Pro,Ultrabook,13.3,IPS Panel Retina Display 2560x1600,Intel,Core i5,2.3,8,128GB SSD,Intel,Iris Plus Graphics 640,macOS,1.37,7 ~ 9,1339.69,4734,1498,8,6232.5,office_basic,office_admin;teacher,"The Apple MacBook Pro is a powerful and portable laptop, perfect for creative professionals and students. Its stunning 13.3"" Retina Display shows vibrant colors and crisp text, while the Intel Core i5 processor provides smooth performance for tasks like video editing and programming. With all-day battery life of around 7-9 hours, you can work or play on the go without worrying about running out of power."
Lenovo,IdeaPad 120S-14IAP,Notebook,14,1366x768,Intel,Celeron Dual Core N3350,1.1,4,64GB Flash Storage,Intel,HD Graphics 500,Windows 10,1.44,4 ~ 6,249,6100,299,4,6399.25,office_basic,office_admin;teacher,"Here is a concise and friendly product description for the Lenovo IdeaPad 120S-14IAP: ""Meet your new go-to laptop, perfect for casual use and on-the-go productivity! The Lenovo IdeaPad 120S-14IAP features a compact design, weighing in at just 2.97lbs, making it easy to take with you wherever life takes you. With up to 6 hours of battery life, stay connected and productive all day long."""
Apple,MacBook Pro,Ultrabook,13.3,IPS Panel Retina Display 2560x1600,Intel,Core i5,3.1,8,256GB SSD,Intel,Iris Plus Graphics 650,macOS,1.37,8 ~ 10,1803.6,4734,1757,8,6491.5,office_basic;coding_basic;figma,office_admin;software_engineer;student_cs;teacher,"The Apple MacBook Pro is a powerful laptop designed for creativity and productivity. With its stunning 13.3"" Retina Display, you'll enjoy crisp visuals and vibrant colors. The Core i5 processor and Iris Plus Graphics deliver smooth performance, while 8GB of RAM and 256GB SSD storage ensure seamless multitasking. Perfect for students, professionals, and anyone needing a reliable laptop that can keep up with their demands on the go."
HP,15-BS101nv (i7-8550U/8GB/256GB/FHD/W10),Ultrabook,15.6,Full HD 1920x1080,Intel,Core i7 8550U,1.8,8,256GB SSD,Intel,HD Graphics 620,Windows 10,1.91,6 ~ 8,659,5955,935,8,6890.5,office_basic;coding_basic;figma,office_admin;software_engineer;student_cs,"Meet the HP 15-BS101nv, a powerful and portable laptop perfect for students and professionals on-the-go! With an Intel Core i7 processor and 8GB of RAM, you'll enjoy seamless multitasking and smooth performance for demanding tasks like video editing or gaming. Its 256GB SSD ensures fast loading times and plenty of storage space."
Apple,MacBook Pro,Ultrabook,15.4,IPS Panel Retina Display 2880x1800,Intel,Core i7,2.7,16,512GB SSD,AMD,Radeon Pro 455,macOS,1.83,8 ~ 10,2537.45,3863,3112,16,6976,office_basic;multitask;coding_heavy;figma;photoshop,graphic_designer;office_admin;software_engineer;student_cs;teacher;uiux_designer,"Here is a concise and friendly product description for the Apple MacBook Pro: Get ready to unleash your creativity with the powerful Apple MacBook Pro. Featuring a stunning 15.4"" Retina Display, fast Core i7 processor, and 16GB of RAM, this laptop is perfect for professionals and students who need to multitask and run demanding applications. With up to 10 hours of battery life and ample storage, you can work or play all day long."
Apple,MacBook Pro,Ultrabook,15.4,IPS Panel Retina Display 2880x1800,Intel,Core i7,2.8,16,256GB SSD,AMD,Radeon Pro 555,macOS,1.83,8 ~ 10,2439.97,3863,3140,16,7004,office_basic;multitask;coding_heavy;figma;photoshop;video_editing_1080p;3d_rendering;cad_cam;gaming_light,3d_artist;content_creator;graphic_designer;office_admin;software_engineer;student_cs;teacher;uiux_designer;video_editor,"The Apple MacBook Pro is a powerful laptop designed for creative professionals and heavy users. It features a stunning 15.4"" Retina display, an i7 processor running at 2.8GHz, and 16GB of RAM. With a Radeon Pro 555 GPU and 256GB SSD, you'll enjoy seamless performance and storage for demanding tasks. Ideal for video editors, photographers, and developers who need a reliable workhorse."
Asus,UX410UA-GV350T (i5-8250U/8GB/256GB/FHD/W10),Notebook,14,Full HD 1920x1080,Intel,Core i5 8250U,1.6,8,256GB SSD,Intel,UHD Graphics 620,Windows 10,1.4,7 ~ 9,941,6100,1030,8,7130.5,office_basic;coding_basic;figma,office_admin;software_engineer;student_cs;teacher,"Meet the Asus UX410UA, a powerful and portable laptop perfect for everyday use. Equipped with an 8th Gen Core i5 processor, 8GB of RAM, and a fast 256GB SSD, this laptop delivers seamless performance and quick multitasking. With up to 9 hours of battery life, you can stay productive on-the-go. Ideal for students, professionals, and anyone looking for a reliable laptop for work or study."
Apple,MacBook Pro,Ultrabook,15.4,IPS Panel Retina Display 2880x1800,Intel,Core i7,2.9,16,512GB SSD,AMD,Radeon Pro 560,macOS,1.83,7 ~ 9,2858,3863,3475,16,7339,office_basic;multitask;coding_heavy;figma;photoshop;video_editing_1080p;3d_rendering;cad_cam;gaming_light,3d_artist;content_creator;graphic_designer;office_admin;software_engineer;student_cs;uiux_designer;video_editor,"Here is a concise, friendly product description for the Apple MacBook Pro: Get unparalleled power and creativity with the Apple MacBook Pro. Equipped with a stunning Retina display, powerful Core i7 processor, and dedicated Radeon Pro 560 graphics, this laptop is perfect for professionals and creatives who demand top-notch performance. With 16GB of RAM and a fast 512GB SSD, you can work efficiently all day long - up to 9 hours on a single charge."
Apple,MacBook Pro,Ultrabook,13.3,IPS Panel Retina Display 2560x1600,Intel,Core i5,2.3,8,256GB SSD,Intel,Iris Plus Graphics 640,macOS,1.37,8 ~ 10,1518.55,4734,3140,8,7874.5,office_basic;multitask;coding_heavy;figma;photoshop;data_science,data_scientist;graphic_designer;office_admin;software_engineer;student_cs;teacher;uiux_designer,"Get productive on the go with the Apple MacBook Pro! This sleek laptop features a stunning 13.3"" Retina Display, powerful Core i5 processor, and 256GB SSD storage for seamless multitasking. Ideal for creatives, students, or professionals who need to stay organized and connected all day long – it lasts up to 10 hours on a single charge."
MSI,GL72M 7RDX,Gaming,17.3,Full HD 1920x1080,Intel,Core i5 7300HQ,2.5,8,128GB SSD +  1TB HDD,Nvidia,GeForce GTX 1050,Windows 10,2.7,2 ~ 3,1095,3035,5028,8,8063.5,office_basic;coding_basic;figma;gaming_light,office_admin;software_engineer;student_cs,"Meet the MSI GL72M 7RDX, a powerful laptop designed for gamers and content creators on-the-go! With an NVIDIA GeForce GTX 1050 GPU and Intel Core i5 processor, you'll enjoy smooth gaming and fast performance. This 17.3"" Full HD display laptop also comes with 8GB RAM and a large storage capacity, making it perfect for those who need a balance of power and portability."
Acer,Aspire 5,Notebook,15.6,Full HD 1920x1080,Intel,Core i7 8550U,1.8,8,1TB HDD,Nvidia,GeForce MX150,Windows 10,2.2,3 ~ 5,689,5839,2255,8,8094.5,office_basic;coding_basic;figma;gaming_light,office_admin;software_engineer;student_cs,"Get productive with the Acer Aspire 5, a powerful laptop designed for everyday tasks. Featuring an Intel Core i7 processor, 8GB of RAM, and a dedicated NVIDIA GeForce MX150 GPU, this device handles demanding applications with ease. Perfect for students and professionals who need reliable performance without breaking the bank."
Asus,FX503VD-E4022T (i7-7700HQ/8GB/1TB/GeForce,Gaming,15.6,Full HD 1920x1080,Intel,Core i7 7700HQ,2.8,8,1TB HDD,Nvidia,GeForce GTX 1050,Windows 10,2.2,2.5 ~ 3.5,949,"3,618",5028,8,8646.5,office_basic;coding_basic;figma;gaming_light,office_admin;software_engineer;student_cs,"Meet the Asus FX503VD-E4022T, a powerful laptop perfect for gamers and heavy users. Equipped with an i7 processor and NVIDIA GeForce GTX 1050 graphics card, it delivers smooth performance and vibrant visuals on its 15.6"" Full HD display. With 8GB of RAM and a spacious 1TB hard drive, you can multitask and store your files with ease."
Dell,Inspiron 7577,Gaming,15.6,IPS Panel Full HD 1920x1080,Intel,Core i7 7700HQ,2.8,16,128GB SSD +  1TB HDD,Nvidia,GeForce GTX 1050 Ti,Windows 10,2.65,3 ~ 4,1349,3357,6339,16,9697,office_basic;multitask;coding_heavy;figma;photoshop;video_editing_1080p;3d_rendering;cad_cam;gaming_light,3d_artist;content_creator;graphic_designer;office_admin;software_engineer;student_cs;uiux_designer;video_editor,"The Dell Inspiron 7577 is a powerful laptop for those who need a balance of performance and portability. Equipped with a Core i7 processor, 16GB of RAM, and a dedicated GeForce GTX 1050 Ti GPU, it's perfect for gamers and demanding users. With a spacious 128GB SSD and 1TB HDD combo, you'll have plenty of storage for your files and programs."
Lenovo,Legion Y520-15IKBN,Gaming,15.6,IPS Panel Full HD 1920x1080,Intel,Core i5 7300HQ,2.5,8,128GB SSD +  1TB HDD,Nvidia,GeForce GTX 1050,Windows 10,2.5,3 ~ 4,999,"5,102",5028,8,10130.5,office_basic;coding_basic;figma;gaming_light,office_admin;software_engineer;student_cs,"Here is a concise, friendly product description for the Lenovo Legion Y520-15IKBN: ""Get ready to take your gaming experience to the next level with the Lenovo Legion Y520-15IKBN. Powered by an Intel Core i5 processor, 8GB of RAM, and a dedicated NVIDIA GeForce GTX 1050 GPU, this laptop delivers smooth performance for intense games and demanding tasks. With a spacious 1TB hard drive and fast SSD storage, you'll have plenty of room to store your favorite games and files."""
Asus,FX753VE-GC093 (i7-7700HQ/12GB/1TB/GeForce,Gaming,17.3,Full HD 1920x1080,Intel,Core i7 7700HQ,2.8,12,1TB HDD,Nvidia,GeForce GTX 1050 Ti,Linux,3,2 ~ 3,949,6900,6339,12,13239.75,office_basic;coding_basic;figma;gaming_light,office_admin;software_engineer;student_cs,"Meet the Asus FX753VE-GC093, a powerful laptop designed for heavy users. With an Intel Core i7 processor and 12GB of RAM, you can tackle demanding tasks like video editing and gaming with ease. The 17.3"" Full HD display is perfect for multitasking, while the GeForce GTX 1050 Ti GPU provides smooth graphics performance. Ideal for students, professionals, and gamers who need a reliable machine to keep up with their workload."
Asus,ZenBook Pro,Ultrabook,15.6,Full HD 1920x1080,Intel,Core i7 7700HQ,2.8,16,512GB SSD,Nvidia,GeForce GTX 1050 Ti,Windows 10,1.8,4 ~ 6,1983,6900,6339,16,13240,office_basic;multitask;coding_heavy;figma;photoshop;video_editing_1080p;3d_rendering;cad_cam;gaming_light,3d_artist;content_creator;graphic_designer;office_admin;software_engineer;student_cs;uiux_designer;video_editor,"Here is a concise, friendly product description for the Asus ZenBook Pro: ""Take your productivity to the next level with the Asus ZenBook Pro. Equipped with a powerful Core i7 processor, 16GB of RAM, and a dedicated GeForce GTX 1050 Ti graphics card, this laptop handles demanding tasks with ease. Perfect for students, professionals, and gamers alike, it's great for on-the-go work, entertainment, or studies."""
Dell,Inspiron 7577,Gaming,15.6,IPS Panel Full HD 1920x1080,Intel,Core i7 7700HQ,2.8,16,256GB SSD +  1TB HDD,Nvidia,GeForce GTX 1060,Windows 10,2.65,2.5 ~ 3.5,1499,3357,10252,16,13610,office_basic;multitask;coding_heavy;figma;photoshop;video_editing_1080p;3d_rendering;cad_cam;gaming_light,3d_artist;content_creator;graphic_designer;office_admin;software_engineer;student_cs;uiux_designer;video_editor,"Here is a concise, friendly product description for the Dell Inspiron 7577 laptop: The Dell Inspiron 7577 is a powerful laptop perfect for gamers, creatives, and multitaskers alike. With an Intel Core i7 processor, NVIDIA GeForce GTX 1060 graphics, and 16GB of RAM, you'll enjoy seamless performance and crisp visuals on the stunning 15.6"" Full HD display. Plus, a spacious 1TB hard drive lets you store all your files and media in one place."
Dell,Inspiron 7577,Gaming,15.6,Full HD 1920x1080,Intel,Core i5 7300HQ,2.5,8,256GB SSD,Nvidia,GeForce GTX 1060,Windows 10,2.65,3 ~ 4,1195,3557,10252,8,13809.5,office_basic;coding_basic;figma;gaming_light,office_admin;software_engineer;student_cs,"The Dell Inspiron 7577 is a powerful laptop designed for gamers and creatives on the go. Featuring an Intel Core i5 processor, 8GB of RAM, and an NVIDIA GeForce GTX 1060 GPU, it delivers smooth performance for demanding tasks. Enjoy stunning Full HD visuals and store your files efficiently with the 256GB SSD."
Asus,FX503VM-E4007T (i7-7700HQ/16GB/1TB,Gaming,15.6,IPS Panel Full HD 1920x1080,Intel,Core i7 7700HQ,2.8,16,128GB SSD +  1TB HDD,Nvidia,GeForce GTX 1060,Windows 10,2.2,2 ~ 3,1449,3618,10252,16,13871,office_basic;multitask;coding_heavy;figma;photoshop;video_editing_1080p;3d_rendering;cad_cam;gaming_light,3d_artist;content_creator;graphic_designer;office_admin;software_engineer;student_cs;uiux_designer;video_editor,"Here is a friendly product description for the Asus FX503VM-E4007T laptop: Get top-notch performance with the powerful Asus FX503VM-E4007T laptop, featuring a fast i7 processor and 16GB of RAM to handle demanding tasks. Enjoy stunning visuals on its 15.6"" Full HD IPS display, paired with dedicated NVIDIA GeForce GTX 1060 graphics for seamless gaming. Perfect for students, gamers, and professionals who need a reliable device that can keep up with their active lifestyle."
Asus,Rog Strix,Gaming,17.3,Full HD 1920x1080,AMD,Ryzen 1700,3,8,256GB SSD +  1TB HDD,AMD,Radeon RX 580,Windows 10,3.2,1.5 ~ 2.5,1299,5924,8812,8,14736.5,office_basic;figma;gaming_light,office_admin,"Meet the Asus Rog Strix laptop, designed for gamers and power users who demand exceptional performance. Equipped with a 17.3"" Full HD display, AMD Ryzen 1700 CPU, Radeon RX 580 GPU, and 8GB of RAM, this beast can handle even the most demanding games and tasks. The 256GB SSD and 1TB HDD provide ample storage for your files and games."
MSI,GS73VR 7RG,Gaming,17.3,Full HD 1920x1080,Intel,Core i7 7700HQ,2.8,16,256GB SSD +  2TB HDD,Nvidia,GeForce GTX 1070,Windows 10,2.43,1.5 ~ 2,2449,6955,13499,16,20455,office_basic;multitask;coding_heavy;figma;photoshop;video_editing_1080p;3d_rendering;cad_cam;gaming_light,3d_artist;content_creator;graphic_designer;office_admin;software_engineer;student_cs;uiux_designer;video_editor,"The MSI GS73VR 7RG laptop is perfect for gamers and professionals who need power on the go. Equipped with a Core i7 CPU, 16GB RAM, and GeForce GTX 1070 GPU, this laptop delivers smooth performance for demanding tasks. The combo of SSD and HDD storage provides ample space for games and files, making it ideal for users who require both speed and capacity."
